<?xml version="1.0" encoding="UTF-8"?>

<mule xmlns:http="http://www.mulesoft.org/schema/mule/http" xmlns="http://www.mulesoft.org/schema/mule/core" xmlns:doc="http://www.mulesoft.org/schema/mule/documentation"
	xmlns:spring="http://www.springframework.org/schema/beans" 
	xmlns:xsi="http://www.w3.org/2001/XMLSchema-instance"
	xsi:schemaLocation="http://www.springframework.org/schema/beans http://www.springframework.org/schema/beans/spring-beans-current.xsd
http://www.mulesoft.org/schema/mule/core http://www.mulesoft.org/schema/mule/core/current/mule.xsd
http://www.mulesoft.org/schema/mule/http http://www.mulesoft.org/schema/mule/http/current/mule-http.xsd">
    <http:listener-config name="HTTP_Listener_Configuration" host="0.0.0.0" port="8081" doc:name="HTTP Listener Configuration"/>
    <http:request-config name="HTTP_Request_Configuration" protocol="HTTPS" host="anypoint.mulesoft.com" port="443" doc:name="HTTP Request Configuration">
        <http:basic-authentication username="CloudHubUsername@CloudHubDefaultEnv" password="CloudHubPassword"/>
    </http:request-config>
    <flow name="developeronboardingtemplateFlow">
        <http:listener config-ref="HTTP_Listener_Configuration" path="/" doc:name="HTTP"/>
        <logger message="Is your end point secured??? What have you done to secure it?" level="INFO" doc:name="Logger"/>
        <set-payload value="Hello" doc:name="Set Payload"/>
        <logger message="Change credentials before you use this....credentials are at the connector level." level="INFO" doc:name="Logger"/>
        <http:request config-ref="HTTP_Request_Configuration" path="/cloudhub/api/applications" method="GET" doc:name="HTTP"/>
        <logger message="Change the data that is being returned" level="INFO" doc:name="Logger"/>
    </flow>
</mule>
